employeeId,cardNumber,expiry,cvv
1,4000000000000001,12/34,123
2,4000000000000002,12/34,123
3,4000000000000003,12/34,123
4,4000000000000004,12/34,123
5,4000000000000005,12/34,123
6,4000000000000006,12/34,123
7,4000000000000007,12/34,123
8,4000000000000008,12/34,123
9,4000000000000009,12/34,123
10,4000000000000010,12/34,123
11,4000000000000011,12/34,123
12,4000000000000012,12/34,123
13,4000000000000013,12/34,123
14,4000000000000014,12/34,123
15,4000000000000015,12/34,123
16,4000000000000016,12/34,123
17,4000000000000017,12/34,123
18,4000000000000018,12/34,123
19,4000000000000019,12/34,123
20,4000000000000020,12/34,123
21,4000000000000021,12/34,123
22,4000000000000022,12/34,123
23,4000000000000023,12/34,123
24,4000000000000024,12/34,123
25,4000000000000025,12/34,123
26,4000000000000026,12/34,123
27,4000000000000027,12/34,123
28,4000000000000028,12/34,123
29,4000000000000029,12/34,123
30,4000000000000030,12/34,123
3,123456789011,12/34,123
31,4000000000000323,12/34,123
